N_MODEL,HIDDEN_SIZE,N_LAYERS,DIRECTIONS,RECALL,PRECISION,F1,RECALL_WO_O,PRECISION_WO_O,F1_WO_O
Model1,500,1,1,0.8449593594565086,0.8152985793382056,0.8073790195445849,0.27684964200477324,0.6229859536587451,0.3546866438996784
Model2,500,2,1,0.8425330583525416,0.7998996735762419,0.8001346618644708,0.24522673031026254,0.5583353239617235,0.3168816535884838
Model3,500,3,1,0.8427756884629383,0.794352507675177,0.8097504372730181,0.28162291169451076,0.44088516732614286,0.3286809090363761
Model4,500,1,2,0.8751668082008978,0.8523822715639656,0.8513400571590518,0.4146778042959427,0.6840469650662828,0.4980396034551511
Model5,500,2,2,0.8872983137207328,0.8844444614829665,0.8664721155148436,0.46002386634844866,0.8127900021994108,0.550036930635954
Model6,500,3,2,0.8996724493509645,0.8904799756840021,0.8897627457032755,0.5381861575178998,0.7474012775485154,0.620965411203786
Model7,800,1,2,0.8880262040519229,0.8773411906978834,0.8692178594382427,0.4958233890214797,0.7156732161976976,0.544485856944263
Model8,800,2,2,0.8917869707630717,0.8797154981977484,0.8773172201070422,0.4958233890214797,0.7431298291668236,0.584288026964687
Model9,800,3,2,0.893606696591047,0.8826290438142541,0.8821305479383574,0.516109785202864,0.7247856594455511,0.5956031313335287
