N_MODEL,HIDDEN_SIZE,N_LAYERS,DIRECTIONS,RECALL,PRECISION,F1,RECALL_WO_O,PRECISION_WO_O,F1_WO_O
model_1,500,1,1,0.8370738808686158,0.8189777463987777,0.8153899130565703,0.3573985680190931,0.539819589803791,0.3915447965248984
model_2,500,2,1,0.8041975009098629,0.7751899234515747,0.7866363956857509,0.3496420047732697,0.2716788705874966,0.29591667616248796
model_3,500,3,1,0.8100206235593838,0.7833356628451398,0.7903904893959264,0.3317422434367542,0.3344340361568931,0.30341472782077655
model_4,500,1,2,0.870071575882567,0.8533409394483189,0.8512200695714828,0.4779236276849642,0.626185400905204,0.5040856977540792
model_5,500,2,2,0.8813538760160136,0.8772091659542959,0.8760056831829056,0.5602625298329356,0.6633025509670811,0.5966968931549673
model_6,500,3,2,0.855513769258765,0.8846813683721325,0.857120284640714,0.6085918854415274,0.571316367893318,0.5283417975102974
model_7,800,1,2,0.8748028630353026,0.8646204609969085,0.8677181845384669,0.5167064439140812,0.6225028743567766,0.5614384558698581
model_8,800,2,2,0.8751668082008978,0.8831031271254626,0.8770833779380113,0.6593078758949881,0.5885622738740056,0.6146591325926438
model_9,800,3,2,0.8689797403857819,0.8816190742421561,0.8667784515095218,0.6097852028639618,0.600851197159016,0.5637515214953532
