N_MODEL,HIDDEN_SIZE,N_LAYERS,DIRECTIONS,RECALL,PRECISION,F1,RECALL_WO_O,PRECISION_WO_O,F1_WO_O
Model1,500,1,1,0.8779570544704598,0.8586303996857432,0.8544239389790906,0.4403341288782816,0.72361738088094,0.5234622042970931
Model2,500,2,1,0.8837801771199806,0.8697940101497147,0.8688204589758083,0.5304295942720764,0.6961680341329111,0.5778342720970928
Model3,500,3,1,0.8597597961907073,0.8192308730135797,0.8344050600923176,0.38484486873508356,0.4890179830231924,0.4181337580560169
Model4,500,1,2,0.9065874074972704,0.8916730501974743,0.8925280303680235,0.5704057279236276,0.7803267166405214,0.6482490915277694
Model5,500,2,2,0.925512556108213,0.9214927439737263,0.9195166526103249,0.6801909307875895,0.8637541029662212,0.7551099990270069
Model6,500,3,2,0.9250272958874196,0.9221360242382081,0.9179186128451319,0.6837708830548926,0.8662186814538746,0.7497090836600432
Model7,800,1,2,0.9044037365037001,0.8982544414521447,0.8884170010413707,0.5441527446300716,0.8625618232567988,0.6480005314752671
Model8,800,2,2,0.9289093776537668,0.9248493698603566,0.9236956318421861,0.7106205250596659,0.8586600172133118,0.7708516168000831
Model9,800,3,2,0.9307291034817421,0.9277933005766195,0.926295145513443,0.701073985680191,0.8833173104928075,0.7801675324320255
